[{"created_at":"Wed Jul 30 14:19:16 +0000 2014","id":494487392519483392,"id_str":"494487392519483392","text":"How to Future Proof Your WordPress Site With Child Themes http:\/\/t.co\/giH0JUCgR9  http:\/\/t.co\/CCJnunNgNr","source":"\u003ca href=\"http:\/\/www.hootsuite.com\" rel=\"nofollow\"\u003eHootsuite\u003c\/a\u003e","truncated":false,"in_reply_to_status_id":null,"in_reply_to_status_id_str":null,"in_reply_to_user_id":null,"in_reply_to_user_id_str":null,"in_reply_to_screen_name":null,"user":{"id":16582191,"id_str":"16582191","name":"Envato","screen_name":"envato","location":"Melbourne","description":"We help people learn - #Tuts - and earn - #ThemeForest #GraphicRiver #VideoHive - online through our network of sites.\n\nSupport Requests: @envato_support","url":"http:\/\/t.co\/CN9Yc7uqnJ","entities":{"url":{"urls":[{"url":"http:\/\/t.co\/CN9Yc7uqnJ","expanded_url":"http:\/\/envato.com","display_url":"envato.com","indices":[0,22]}]},"description":{"urls":[]}},"protected":false,"followers_count":45271,"friends_count":435,"listed_count":1680,"created_at":"Fri Oct 03 19:11:51 +0000 2008","favourites_count":241,"utc_offset":36000,"time_zone":"Melbourne","geo_enabled":false,"verified":false,"statuses_count":5823,"lang":"en","contributors_enabled":false,"is_translator":false,"is_translation_enabled":false,"profile_background_color":"323435","profile_background_image_url":"http:\/\/pbs.twimg.com\/profile_background_images\/378800000036129044\/4aaf87e960f30537daa1a0a0c3c4fc31.jpeg","profile_background_image_url_https":"https:\/\/pbs.twimg.com\/profile_background_images\/378800000036129044\/4aaf87e960f30537daa1a0a0c3c4fc31.jpeg","profile_background_tile":false,"profile_image_url":"http:\/\/pbs.twimg.com\/profile_images\/344513261572266825\/1316a31c9c4481517fbb3fca65e96f3d_normal.png","profile_image_url_https":"https:\/\/pbs.twimg.com\/profile_images\/344513261572266825\/1316a31c9c4481517fbb3fca65e96f3d_normal.png","profile_banner_url":"https:\/\/pbs.twimg.com\/profile_banners\/16582191\/1398308277","profile_link_color":"83B449","profile_sidebar_border_color":"FFFFFF","profile_sidebar_fill_color":"6C9450","profile_text_color":"242424","profile_use_background_image":true,"default_profile":false,"default_profile_image":false,"following":true,"follow_request_sent":false,"notifications":false},"geo":null,"coordinates":null,"place":null,"contributors":null,"retweet_count":5,"favorite_count":8,"entities":{"hashtags":[],"symbols":[],"urls":[{"url":"http:\/\/t.co\/giH0JUCgR9","expanded_url":"http:\/\/buff.ly\/1l0djc0","display_url":"buff.ly\/1l0djc0","indices":[58,80]}],"user_mentions":[],"media":[{"id":492568812353773569,"id_str":"492568812353773569","indices":[82,104],"media_url":"http:\/\/pbs.twimg.com\/media\/BtX0uZ_IYAEQD4M.png","media_url_https":"https:\/\/pbs.twimg.com\/media\/BtX0uZ_IYAEQD4M.png","url":"http:\/\/t.co\/CCJnunNgNr","display_url":"pic.twitter.com\/CCJnunNgNr","expanded_url":"http:\/\/twitter.com\/Saijo_George\/status\/492568812613795840\/photo\/1","type":"photo","sizes":{"large":{"w":660,"h":220,"resize":"fit"},"thumb":{"w":150,"h":150,"resize":"crop"},"medium":{"w":600,"h":200,"resize":"fit"},"small":{"w":340,"h":113,"resize":"fit"}},"source_status_id":492568812613795840,"source_status_id_str":"492568812613795840"}]},"extended_entities":{"media":[{"id":492568812353773569,"id_str":"492568812353773569","indices":[82,104],"media_url":"http:\/\/pbs.twimg.com\/media\/BtX0uZ_IYAEQD4M.png","media_url_https":"https:\/\/pbs.twimg.com\/media\/BtX0uZ_IYAEQD4M.png","url":"http:\/\/t.co\/CCJnunNgNr","display_url":"pic.twitter.com\/CCJnunNgNr","expanded_url":"http:\/\/twitter.com\/Saijo_George\/status\/492568812613795840\/photo\/1","type":"photo","sizes":{"large":{"w":660,"h":220,"resize":"fit"},"thumb":{"w":150,"h":150,"resize":"crop"},"medium":{"w":600,"h":200,"resize":"fit"},"small":{"w":340,"h":113,"resize":"fit"}},"source_status_id":492568812613795840,"source_status_id_str":"492568812613795840"}]},"favorited":false,"retweeted":false,"possibly_sensitive":false,"lang":"en"},{"created_at":"Wed Jul 30 05:53:15 +0000 2014","id":494360048756207616,"id_str":"494360048756207616","text":"We love @seriouspony's thoughts on building the minimum badass user: http:\/\/t.co\/wytB6BAvzt. Hope to see her speak at the next @rubyconf_au!","source":"\u003ca href=\"http:\/\/twitter.com\" rel=\"nofollow\"\u003eTwitter Web Client\u003c\/a\u003e","truncated":false,"in_reply_to_status_id":null,"in_reply_to_status_id_str":null,"in_reply_to_user_id":null,"in_reply_to_user_id_str":null,"in_reply_to_screen_name":null,"user":{"id":16582191,"id_str":"16582191","name":"Envato","screen_name":"envato","location":"Melbourne","description":"We help people learn - #Tuts - and earn - #ThemeForest #GraphicRiver #VideoHive - online through our network of sites.\n\nSupport Requests: @envato_support","url":"http:\/\/t.co\/CN9Yc7uqnJ","entities":{"url":{"urls":[{"url":"http:\/\/t.co\/CN9Yc7uqnJ","expanded_url":"http:\/\/envato.com","display_url":"envato.com","indices":[0,22]}]},"description":{"urls":[]}},"protected":false,"followers_count":45271,"friends_count":435,"listed_count":1680,"created_at":"Fri Oct 03 19:11:51 +0000 2008","favourites_count":241,"utc_offset":36000,"time_zone":"Melbourne","geo_enabled":false,"verified":false,"statuses_count":5823,"lang":"en","contributors_enabled":false,"is_translator":false,"is_translation_enabled":false,"profile_background_color":"323435","profile_background_image_url":"http:\/\/pbs.twimg.com\/profile_background_images\/378800000036129044\/4aaf87e960f30537daa1a0a0c3c4fc31.jpeg","profile_background_image_url_https":"https:\/\/pbs.twimg.com\/profile_background_images\/378800000036129044\/4aaf87e960f30537daa1a0a0c3c4fc31.jpeg","profile_background_tile":false,"profile_image_url":"http:\/\/pbs.twimg.com\/profile_images\/344513261572266825\/1316a31c9c4481517fbb3fca65e96f3d_normal.png","profile_image_url_https":"https:\/\/pbs.twimg.com\/profile_images\/344513261572266825\/1316a31c9c4481517fbb3fca65e96f3d_normal.png","profile_banner_url":"https:\/\/pbs.twimg.com\/profile_banners\/16582191\/1398308277","profile_link_color":"83B449","profile_sidebar_border_color":"FFFFFF","profile_sidebar_fill_color":"6C9450","profile_text_color":"242424","profile_use_background_image":true,"default_profile":false,"default_profile_image":false,"following":true,"follow_request_sent":false,"notifications":false},"geo":null,"coordinates":null,"place":null,"contributors":null,"retweet_count":1,"favorite_count":2,"entities":{"hashtags":[],"symbols":[],"urls":[{"url":"http:\/\/t.co\/wytB6BAvzt","expanded_url":"http:\/\/bit.ly\/1dut0ZI","display_url":"bit.ly\/1dut0ZI","indices":[69,91]}],"user_mentions":[{"screen_name":"seriouspony","name":"Seriouspony","id":289534689,"id_str":"289534689","indices":[8,20]},{"screen_name":"rubyconf_au","name":"RubyConf Australia","id":592535210,"id_str":"592535210","indices":[127,139]}]},"favorited":false,"retweeted":false,"possibly_sensitive":false,"lang":"en"}]