[{"created_at":"Wed Jul 30 05:53:15 +0000 2014","id":494360048756207616,"id_str":"494360048756207616","text":"We love @seriouspony's thoughts on building the minimum badass user: http:\/\/t.co\/wytB6BAvzt. Hope to see her speak at the next @rubyconf_au!","source":"\u003ca href=\"http:\/\/twitter.com\" rel=\"nofollow\"\u003eTwitter Web Client\u003c\/a\u003e","truncated":false,"in_reply_to_status_id":null,"in_reply_to_status_id_str":null,"in_reply_to_user_id":null,"in_reply_to_user_id_str":null,"in_reply_to_screen_name":null,"user":{"id":16582191,"id_str":"16582191","name":"Envato","screen_name":"envato","location":"Melbourne","description":"We help people learn - #Tuts - and earn - #ThemeForest #GraphicRiver #VideoHive - online through our network of sites.\n\nSupport Requests: @envato_support","url":"http:\/\/t.co\/CN9Yc7uqnJ","entities":{"url":{"urls":[{"url":"http:\/\/t.co\/CN9Yc7uqnJ","expanded_url":"http:\/\/envato.com","display_url":"envato.com","indices":[0,22]}]},"description":{"urls":[]}},"protected":false,"followers_count":45248,"friends_count":435,"listed_count":1680,"created_at":"Fri Oct 03 19:11:51 +0000 2008","favourites_count":241,"utc_offset":36000,"time_zone":"Melbourne","geo_enabled":false,"verified":false,"statuses_count":5822,"lang":"en","contributors_enabled":false,"is_translator":false,"is_translation_enabled":false,"profile_background_color":"323435","profile_background_image_url":"http:\/\/pbs.twimg.com\/profile_background_images\/378800000036129044\/4aaf87e960f30537daa1a0a0c3c4fc31.jpeg","profile_background_image_url_https":"https:\/\/pbs.twimg.com\/profile_background_images\/378800000036129044\/4aaf87e960f30537daa1a0a0c3c4fc31.jpeg","profile_background_tile":false,"profile_image_url":"http:\/\/pbs.twimg.com\/profile_images\/344513261572266825\/1316a31c9c4481517fbb3fca65e96f3d_normal.png","profile_image_url_https":"https:\/\/pbs.twimg.com\/profile_images\/344513261572266825\/1316a31c9c4481517fbb3fca65e96f3d_normal.png","profile_banner_url":"https:\/\/pbs.twimg.com\/profile_banners\/16582191\/1398308277","profile_link_color":"83B449","profile_sidebar_border_color":"FFFFFF","profile_sidebar_fill_color":"6C9450","profile_text_color":"242424","profile_use_background_image":true,"default_profile":false,"default_profile_image":false,"following":true,"follow_request_sent":false,"notifications":false},"geo":null,"coordinates":null,"place":null,"contributors":null,"retweet_count":1,"favorite_count":0,"entities":{"hashtags":[],"symbols":[],"urls":[{"url":"http:\/\/t.co\/wytB6BAvzt","expanded_url":"http:\/\/bit.ly\/1dut0ZI","display_url":"bit.ly\/1dut0ZI","indices":[69,91]}],"user_mentions":[{"screen_name":"seriouspony","name":"Seriouspony","id":289534689,"id_str":"289534689","indices":[8,20]},{"screen_name":"rubyconf_au","name":"RubyConf Australia","id":592535210,"id_str":"592535210","indices":[127,139]}]},"favorited":false,"retweeted":false,"possibly_sensitive":false,"lang":"en"},{"created_at":"Tue Jul 29 03:55:01 +0000 2014","id":493967909434036225,"id_str":"493967909434036225","text":"From the developer blog: Learning From Pull Requests at Envato http:\/\/t.co\/NEdSN4T0m5","source":"\u003ca href=\"http:\/\/twitter.com\" rel=\"nofollow\"\u003eTwitter Web Client\u003c\/a\u003e","truncated":false,"in_reply_to_status_id":null,"in_reply_to_status_id_str":null,"in_reply_to_user_id":null,"in_reply_to_user_id_str":null,"in_reply_to_screen_name":null,"user":{"id":16582191,"id_str":"16582191","name":"Envato","screen_name":"envato","location":"Melbourne","description":"We help people learn - #Tuts - and earn - #ThemeForest #GraphicRiver #VideoHive - online through our network of sites.\n\nSupport Requests: @envato_support","url":"http:\/\/t.co\/CN9Yc7uqnJ","entities":{"url":{"urls":[{"url":"http:\/\/t.co\/CN9Yc7uqnJ","expanded_url":"http:\/\/envato.com","display_url":"envato.com","indices":[0,22]}]},"description":{"urls":[]}},"protected":false,"followers_count":45248,"friends_count":435,"listed_count":1680,"created_at":"Fri Oct 03 19:11:51 +0000 2008","favourites_count":241,"utc_offset":36000,"time_zone":"Melbourne","geo_enabled":false,"verified":false,"statuses_count":5822,"lang":"en","contributors_enabled":false,"is_translator":false,"is_translation_enabled":false,"profile_background_color":"323435","profile_background_image_url":"http:\/\/pbs.twimg.com\/profile_background_images\/378800000036129044\/4aaf87e960f30537daa1a0a0c3c4fc31.jpeg","profile_background_image_url_https":"https:\/\/pbs.twimg.com\/profile_background_images\/378800000036129044\/4aaf87e960f30537daa1a0a0c3c4fc31.jpeg","profile_background_tile":false,"profile_image_url":"http:\/\/pbs.twimg.com\/profile_images\/344513261572266825\/1316a31c9c4481517fbb3fca65e96f3d_normal.png","profile_image_url_https":"https:\/\/pbs.twimg.com\/profile_images\/344513261572266825\/1316a31c9c4481517fbb3fca65e96f3d_normal.png","profile_banner_url":"https:\/\/pbs.twimg.com\/profile_banners\/16582191\/1398308277","profile_link_color":"83B449","profile_sidebar_border_color":"FFFFFF","profile_sidebar_fill_color":"6C9450","profile_text_color":"242424","profile_use_background_image":true,"default_profile":false,"default_profile_image":false,"following":true,"follow_request_sent":false,"notifications":false},"geo":null,"coordinates":null,"place":null,"contributors":null,"retweet_count":9,"favorite_count":5,"entities":{"hashtags":[],"symbols":[],"urls":[{"url":"http:\/\/t.co\/NEdSN4T0m5","expanded_url":"http:\/\/webuild.envato.com\/blog\/learning-from-envato-pull-request-comments\/","display_url":"webuild.envato.com\/blog\/learning-\u2026","indices":[63,85]}],"user_mentions":[]},"favorited":false,"retweeted":false,"possibly_sensitive":false,"lang":"en"},{"created_at":"Mon Jul 28 14:33:02 +0000 2014","id":493766082050916352,"id_str":"493766082050916352","text":"Using Your Account for Charitable Purposes is now possible! Read more here: http:\/\/t.co\/KClbMgtAgZ :-)","source":"\u003ca href=\"http:\/\/www.hootsuite.com\" rel=\"nofollow\"\u003eHootsuite\u003c\/a\u003e","truncated":false,"in_reply_to_status_id":null,"in_reply_to_status_id_str":null,"in_reply_to_user_id":null,"in_reply_to_user_id_str":null,"in_reply_to_screen_name":null,"user":{"id":16582191,"id_str":"16582191","name":"Envato","screen_name":"envato","location":"Melbourne","description":"We help people learn - #Tuts - and earn - #ThemeForest #GraphicRiver #VideoHive - online through our network of sites.\n\nSupport Requests: @envato_support","url":"http:\/\/t.co\/CN9Yc7uqnJ","entities":{"url":{"urls":[{"url":"http:\/\/t.co\/CN9Yc7uqnJ","expanded_url":"http:\/\/envato.com","display_url":"envato.com","indices":[0,22]}]},"description":{"urls":[]}},"protected":false,"followers_count":45248,"friends_count":435,"listed_count":1680,"created_at":"Fri Oct 03 19:11:51 +0000 2008","favourites_count":241,"utc_offset":36000,"time_zone":"Melbourne","geo_enabled":false,"verified":false,"statuses_count":5822,"lang":"en","contributors_enabled":false,"is_translator":false,"is_translation_enabled":false,"profile_background_color":"323435","profile_background_image_url":"http:\/\/pbs.twimg.com\/profile_background_images\/378800000036129044\/4aaf87e960f30537daa1a0a0c3c4fc31.jpeg","profile_background_image_url_https":"https:\/\/pbs.twimg.com\/profile_background_images\/378800000036129044\/4aaf87e960f30537daa1a0a0c3c4fc31.jpeg","profile_background_tile":false,"profile_image_url":"http:\/\/pbs.twimg.com\/profile_images\/344513261572266825\/1316a31c9c4481517fbb3fca65e96f3d_normal.png","profile_image_url_https":"https:\/\/pbs.twimg.com\/profile_images\/344513261572266825\/1316a31c9c4481517fbb3fca65e96f3d_normal.png","profile_banner_url":"https:\/\/pbs.twimg.com\/profile_banners\/16582191\/1398308277","profile_link_color":"83B449","profile_sidebar_border_color":"FFFFFF","profile_sidebar_fill_color":"6C9450","profile_text_color":"242424","profile_use_background_image":true,"default_profile":false,"default_profile_image":false,"following":true,"follow_request_sent":false,"notifications":false},"geo":null,"coordinates":null,"place":null,"contributors":null,"retweet_count":0,"favorite_count":1,"entities":{"hashtags":[],"symbols":[],"urls":[{"url":"http:\/\/t.co\/KClbMgtAgZ","expanded_url":"http:\/\/enva.to\/chrtpps","display_url":"enva.to\/chrtpps","indices":[76,98]}],"user_mentions":[]},"favorited":false,"retweeted":false,"possibly_sensitive":false,"lang":"en"}]